id,timestamp,mill_power_kw,mill_throughput_tph,separator_efficiency,kiln_temp_c,cooler_fan_rpm,raw_caO,raw_siO2,raw_al2O3,raw_fe2O3,raw_moisture,clinker_temp_c,fuel_mix,energy_per_ton_kwh,thermal_substitution_rate,time,createdAt,recommendations
02iXiXjwFQ8ViVhc7ZvF,2025-11-20T21:28:13.917Z,1250.859365,88.5144588,0.850653161,1418.800297,855.7212676,61.86727369,21.03852096,5.285753835,3.204343328,2.102793279,1142.857725,"[{""fuel"":""coal"",""%"":56.32124789358514},{""fuel"":""biomass"",""%"":27.295302497134717},{""fuel"":""petcoke"",""%"":21.650278335725858}]",95.7698709,24.13974022,2:58,"{""_seconds"":1763674097,""_nanoseconds"":201000000}",
0Hr2dYK18ADfc2hUXScV,2025-11-21T05:29:01.455Z,1325.841405,85.17775126,0.83679733,1409.983033,,61.6593652,21.3094339,5.309446804,3.315410824,,,"[{""fuel"":""coal"",""%"":""63.8""},{""fuel"":""biomass"",""%"":""22.7""},{""fuel"":""alternative"",""%"":""7.9""}]",100.2461318,30.78924517,,"{""_seconds"":1763702942,""_nanoseconds"":763000000}",
1O4mJBz7gzGKnCgJHpok,2025-11-20T20:50:26.662Z,1243.841518,80.43477972,0.890085989,1404.960726,865.0766358,61.53139414,21.28045035,5.590719275,3.284811966,1.80303388,1141.457071,"[{""fuel"":""coal"",""%"":56.37573214552394},{""fuel"":""biomass"",""%"":26.358838746488942},{""fuel"":""petcoke"",""%"":19.00742503299398}]",101.3500646,30.04331407,2:20,"{""_seconds"":1763671826,""_nanoseconds"":753000000}",
1vuYVd1omwshKEcmDrHX,2025-11-21T05:31:50.452Z,1220.902626,89.06072837,0.845293233,1417.484461,,61.67337898,20.64773462,5.366815297,3.057479633,,,"[{""fuel"":""coal"",""%"":""65.3""},{""fuel"":""biomass"",""%"":""22.9""},{""fuel"":""alternative"",""%"":""7.4""}]",104.0037621,32.48340564,,"{""_seconds"":1763703110,""_nanoseconds"":610000000}",
21EYYIut84QH3ZMHPiAB,2025-11-20T21:10:09.637Z,1287.172365,82.80505859,0.895684358,1401.177072,854.7221636,63.06647859,21.44490715,5.682254812,3.35618453,1.858276094,1158.31206,"[{""fuel"":""coal"",""%"":52.64883902099421},{""fuel"":""biomass"",""%"":27.329653969996237},{""fuel"":""petcoke"",""%"":21.74018341658884}]",97.12391411,29.61228422,2:40,"{""_seconds"":1763673009,""_nanoseconds"":761000000}",
2GzodJcobe3t9B7GVJzy,2025-11-21T05:31:38.458Z,1223.796194,89.26713597,0.846411908,1421.04243,,62.10012241,20.75059262,5.433229309,3.111734634,,,"[{""fuel"":""coal"",""%"":""65.4""},{""fuel"":""biomass"",""%"":""21.7""},{""fuel"":""alternative"",""%"":""7.9""}]",103.9970953,31.80078968,,"{""_seconds"":1763703098,""_nanoseconds"":619000000}",
2OcqxYQRNqtNvL6A6VI3,2025-11-20T21:38:02.590Z,1348.106482,82.62874932,0.887794775,1417.83904,858.4767156,62.4442034,20.82136173,5.293896557,3.158708912,2.147969294,1131.988224,"[{""fuel"":""coal"",""%"":53.03121823100984},{""fuel"":""biomass"",""%"":26.98684720775566},{""fuel"":""petcoke"",""%"":19.773476074157248}]",97.92858346,28.1761506,3:08,"{""_seconds"":1763674682,""_nanoseconds"":734000000}",
2f5FDwwC7Fa4RhVfnxDw,2025-11-21T05:25:02.679Z,1312.715397,86.51661995,0.865913429,1417.276831,825.015053,61.88756552,20.8882548,5.225458837,3.106579646,1.868957772,1147.949238,"[{""fuel"":""coal"",""%"":55.55671699652093},{""fuel"":""biomass"",""%"":24.654158974045075},{""fuel"":""petcoke"",""%"":19.13061855408327}]",97.12435106,25.06283594,10:55,"{""_seconds"":1763702702,""_nanoseconds"":842000000}",
30gHGtK0UJJmYuPmwHNN,2025-11-20T21:12:09.633Z,1269.772824,82.10593721,0.846793023,1411.901182,824.0410864,62.71882894,20.73756918,5.692373642,3.019148154,1.869385051,1168.226685,"[{""fuel"":""coal"",""%"":54.73669550910512},{""fuel"":""biomass"",""%"":24.282877241206393},{""fuel"":""petcoke"",""%"":21.025414302006375}]",97.44978204,24.92212277,2:42,"{""_seconds"":1763673129,""_nanoseconds"":771000000}",
31k60otdcoqRWXbgOmlr,2025-11-21T05:29:35.456Z,1298.61757,89.83501458,0.828662392,1407.076499,,62.2269918,21.14039341,5.361382771,3.338225918,,,"[{""fuel"":""coal"",""%"":""65.1""},{""fuel"":""biomass"",""%"":""21.9""},{""fuel"":""alternative"",""%"":""7.9""}]",98.95636033,31.2288936,,"{""_seconds"":1763702975,""_nanoseconds"":610000000}",
3RRWRNmQQlSWagXP6nu3,2025-11-20T21:02:02.661Z,1325.080196,89.93702735,0.880654096,1403.133168,821.262759,62.75447962,20.84200274,5.757997186,3.364953628,2.207204499,1141.257131,"[{""fuel"":""coal"",""%"":55.59454632129501},{""fuel"":""biomass"",""%"":27.60490713992482},{""fuel"":""petcoke"",""%"":21.300337159658824}]",98.9086121,28.39731285,2:32,"{""_seconds"":1763672522,""_nanoseconds"":763000000}",
3w2zXw2hswZ2zfGgDYEK,2025-11-21T05:26:03.454Z,1294.644877,81.31977589,0.872944795,1397.385981,826.4832686,61.74975111,20.61984469,5.591634821,3.084321287,1.963737044,1136.765739,"[{""fuel"":""coal"",""%"":52.67963556685181},{""fuel"":""biomass"",""%"":27.155873772297937},{""fuel"":""petcoke"",""%"":18.290447129987967}]",100.0867441,31.42502614,10:56,"{""_seconds"":1763702765,""_nanoseconds"":31000000}",
4Yix8XlDJq3MvPtUOOVj,2025-11-21T05:31:27.464Z,1246.941494,89.05080125,0.839881693,1425.321002,,61.9625746,20.52511412,5.357896412,3.076564442,,,"[{""fuel"":""coal"",""%"":""64.0""},{""fuel"":""biomass"",""%"":""23.0""},{""fuel"":""alternative"",""%"":""7.6""}]",103.1505205,30.97767781,,"{""_seconds"":1763703087,""_nanoseconds"":627000000}",
4hgJsJCgH7NzlPoNEGPq,2025-11-20T21:11:39.620Z,1311.53348,85.08155651,0.861847646,1400.884478,836.5662881,62.93980093,20.91023071,5.571850608,3.271524446,1.907326986,1158.419891,"[{""fuel"":""coal"",""%"":52.21353426403221},{""fuel"":""biomass"",""%"":26.79525044207023},{""fuel"":""petcoke"",""%"":18.335515347312807}]",99.56838135,29.46152691,2:41,"{""_seconds"":1763673099,""_nanoseconds"":734000000}",
5UAzq3tUmeD255JwHG9U,2025-11-21T05:39:06.457Z,1267.38693,94.24470017,0.852010776,1427.076093,,58.90812711,20.79838294,5.771964748,3.815730771,,,"[{""fuel"":""coal"",""%"":""65.1""},{""fuel"":""biomass"",""%"":""20.8""},{""fuel"":""alternative"",""%"":""8.9""}]",99.08407743,25.30026875,,"{""_seconds"":1763703546,""_nanoseconds"":615000000}",
6JZqPrZjoyksfJ1spn9o,2025-11-20T21:15:02.629Z,1264.987661,88.63975483,0.842679806,1415.755713,867.5918951,61.81396063,21.13235262,5.696891906,3.059857861,2.245388203,1144.125355,"[{""fuel"":""coal"",""%"":54.678136203909204},{""fuel"":""biomass"",""%"":25.89463249107314},{""fuel"":""petcoke"",""%"":21.118155860415392}]",94.70656253,27.28939709,2:45,"{""_seconds"":1763673302,""_nanoseconds"":781000000}",
6P3MOKBy2S2qR5dIA54a,2025-11-21T05:32:57.460Z,1240.263479,91.50207967,0.863137576,1429.514988,,60.89376388,20.43221767,5.420028135,3.220901359,,,"[{""fuel"":""coal"",""%"":""63.0""},{""fuel"":""biomass"",""%"":""22.6""},{""fuel"":""alternative"",""%"":""8.1""}]",104.555376,31.68305732,,"{""_seconds"":1763703177,""_nanoseconds"":641000000}",
7JGHvndJmI0s0XYZjY9u,2025-11-20T21:37:02.592Z,1273.79818,80.00303152,0.84642234,1401.31174,875.0283829,61.64613957,20.72448906,5.367191274,3.087252821,1.955091718,1152.834806,"[{""fuel"":""coal"",""%"":54.7116665961048},{""fuel"":""biomass"",""%"":26.919657400445},{""fuel"":""petcoke"",""%"":20.879782887460905}]",100.7979934,31.4456424,3:07,"{""_seconds"":1763674622,""_nanoseconds"":741000000}",
7OXvU3JmzuE4sVXyJzfx,2025-11-20T21:32:44.596Z,1303.201984,89.24353532,0.858376724,1401.283216,851.3529262,63.16903505,20.87580731,5.551667653,3.203605864,2.104169331,1167.051444,"[{""fuel"":""coal"",""%"":52.75657701917509},{""fuel"":""biomass"",""%"":25.089632289208932},{""fuel"":""petcoke"",""%"":20.623407725466816}]",95.60901235,29.5149997,3:02,"{""_seconds"":1763674364,""_nanoseconds"":740000000}",
7RuMjGRevZ3WyxrXnrDz,2025-11-21T05:34:49.450Z,1219.790383,91.09014767,0.834006604,1428.592439,,59.22383946,20.09673416,5.29849237,3.399452852,,,"[{""fuel"":""coal"",""%"":""62.7""},{""fuel"":""biomass"",""%"":""21.5""},{""fuel"":""alternative"",""%"":""7.6""}]",102.516929,31.28416089,,"{""_seconds"":1763703289,""_nanoseconds"":614000000}",
7qYxaiNnqWgkBE4MXrb5,2025-11-21T05:36:41.449Z,1189.334501,94.99590424,0.867135173,1426.024933,,58.62270191,20.77366387,5.4363627,3.515048311,,,"[{""fuel"":""coal"",""%"":""62.6""},{""fuel"":""biomass"",""%"":""23.3""},{""fuel"":""alternative"",""%"":""8.3""}]",102.4056636,30.9266566,,"{""_seconds"":1763703401,""_nanoseconds"":610000000}",
8ZtJTvgArEheCopNNiAZ,2025-11-21T05:34:15.450Z,1230.830491,88.95328768,0.842538758,1427.184434,,60.29893562,20.58124848,5.278614383,3.276417563,,,"[{""fuel"":""coal"",""%"":""65.2""},{""fuel"":""biomass"",""%"":""21.7""},{""fuel"":""alternative"",""%"":""7.4""}]",103.945206,31.94878031,,"{""_seconds"":1763703255,""_nanoseconds"":609000000}",
9A5KxXq8nEaP3dvvj8Xy,2025-11-20T21:35:02.751Z,1316.29563,82.52921605,0.870184118,1397.004211,877.7557941,62.23508614,20.76309668,5.423092646,3.286506875,1.801913423,1137.184699,"[{""fuel"":""coal"",""%"":54.70588066740516},{""fuel"":""biomass"",""%"":26.35751999991553},{""fuel"":""petcoke"",""%"":19.687770146111994}]",99.66417609,26.51002757,3:05,"{""_seconds"":1763674504,""_nanoseconds"":680000000}",
9VmxApNMz32449vb91mC,2025-11-20T21:00:02.670Z,1299.668705,89.15957442,0.832060083,1412.430401,851.4610114,63.49273775,20.67926625,5.295337222,3.180082439,1.945293896,1134.547764,"[{""fuel"":""coal"",""%"":53.34199316305201},{""fuel"":""biomass"",""%"":25.74940266401285},{""fuel"":""petcoke"",""%"":19.830750531744265}]",99.41412817,26.49743875,2:30,"{""_seconds"":1763672402,""_nanoseconds"":757000000}",
9prW0MYRr2TNpztRFLKs,2025-11-21T05:34:26.454Z,1249.087277,89.49866172,0.833894456,1424.545232,,59.85934781,20.34062054,5.254673234,3.331740129,,,"[{""fuel"":""coal"",""%"":""67.4""},{""fuel"":""biomass"",""%"":""23.4""},{""fuel"":""alternative"",""%"":""8.1""}]",104.0229092,31.34849584,,"{""_seconds"":1763703266,""_nanoseconds"":613000000}",
A6hpkdGy46vVOZSeXWFw,2025-11-21T05:33:53.450Z,1247.580851,88.95921879,0.851752409,1427.949796,,60.77031768,20.21696436,5.275490508,3.138142634,,,"[{""fuel"":""coal"",""%"":""63.9""},{""fuel"":""biomass"",""%"":""23.3""},{""fuel"":""alternative"",""%"":""8.7""}]",104.1206473,33.05903311,,"{""_seconds"":1763703233,""_nanoseconds"":612000000}",
ATpydCxGdzEaji52M9lj,2025-11-20T20:50:06.660Z,1328.641174,82.97370818,0.875489675,1420.524992,839.4282071,63.08631784,20.69585534,5.701279271,3.385483077,2.024275191,1153.695112,"[{""fuel"":""coal"",""%"":52.75455744545162},{""fuel"":""biomass"",""%"":26.692937425909587},{""fuel"":""petcoke"",""%"":20.2973976719661}]",99.4757793,29.70360807,2:20,"{""_seconds"":1763671806,""_nanoseconds"":767000000}",
Av0qXpq5bDjnK8uFfrTu,2025-11-20T20:50:46.653Z,1346.351772,84.72802355,0.822053838,1400.826203,859.847438,62.05694291,20.95703263,5.776586659,3.089425169,1.871751053,1155.714491,"[{""fuel"":""coal"",""%"":55.335215370321315},{""fuel"":""biomass"",""%"":26.064440099058217},{""fuel"":""petcoke"",""%"":19.573182312755154}]",94.9393886,28.80833766,2:20,"{""_seconds"":1763671846,""_nanoseconds"":766000000}",
BRT731EykDI3tOFJ7G1w,2025-11-21T05:30:20.452Z,1290.386933,87.06949017,0.820092196,1414.42622,,62.07343881,21.5028324,5.395529687,3.219342144,,,"[{""fuel"":""coal"",""%"":""63.4""},{""fuel"":""biomass"",""%"":""21.4""},{""fuel"":""alternative"",""%"":""8.9""}]",100.8948135,31.18698395,,"{""_seconds"":1763703020,""_nanoseconds"":618000000}",
BgEdoCMaOJJm4ix5IUMz,2025-11-20T20:48:36.657Z,1294.273117,89.91185657,0.839874796,1419.196358,834.8074375,61.56874227,20.93049101,5.733402504,3.182148789,1.869679362,1136.901657,"[{""fuel"":""coal"",""%"":57.756219370639016},{""fuel"":""biomass"",""%"":27.99185092520928},{""fuel"":""petcoke"",""%"":19.19011606050408}]",99.52706769,26.01109595,2:18,"{""_seconds"":1763671716,""_nanoseconds"":748000000}",
CDl5z1c8YwWamRNbzzMx,2025-11-20T21:06:02.650Z,1253.294873,83.13915239,0.869849964,1409.175971,870.2643857,61.7731192,21.44572532,5.637903553,3.3401449,1.880260413,1130.525636,"[{""fuel"":""coal"",""%"":55.674854311647856},{""fuel"":""biomass"",""%"":24.996916115947446},{""fuel"":""petcoke"",""%"":19.005027240755236}]",101.2825082,24.97161424,2:36,"{""_seconds"":1763672762,""_nanoseconds"":767000000}",
CWKDp3sdk8bkBDKpbqdk,2025-11-20T21:31:14.584Z,1338.903894,88.02867407,0.828147795,1418.336985,863.2291512,61.75971255,20.57687456,5.285235459,3.00635253,1.976635234,1135.753763,"[{""fuel"":""coal"",""%"":55.15814373644929},{""fuel"":""biomass"",""%"":26.018345898493248},{""fuel"":""petcoke"",""%"":21.753105147982346}]",100.6516708,29.4486798,3:01,"{""_seconds"":1763674274,""_nanoseconds"":736000000}",
ChvALmdABDQLcTuTh1dL,2025-11-21T05:32:34.449Z,1261.341283,91.93204032,0.857799008,1421.800208,,61.25738262,20.60686601,5.317423243,3.134137884,,,"[{""fuel"":""coal"",""%"":""64.7""},{""fuel"":""biomass"",""%"":""22.9""},{""fuel"":""alternative"",""%"":""7.7""}]",104.3760481,30.66864011,,"{""_seconds"":1763703154,""_nanoseconds"":612000000}",
Co7UhyCTazLj3t0iQ0AY,2025-11-20T20:56:22.767Z,1267.458657,86.25944363,0.865530408,1404.34706,823.0534756,62.86465214,20.87490213,5.529981267,3.264952635,1.878975204,1156.56498,"[{""fuel"":""coal"",""%"":52.39600747047731},{""fuel"":""biomass"",""%"":24.98472334052022},{""fuel"":""petcoke"",""%"":18.079073985917475}]",95.72390628,30.94272889,2:26,"{""_seconds"":1763672182,""_nanoseconds"":876000000}",
CuTJvhSQjmMDayrdMW0o,2025-11-21T05:38:10.447Z,1254.910863,97.53696221,0.84866315,1428.93453,,58.54263753,20.66812482,5.640382847,3.681652317,,,"[{""fuel"":""coal"",""%"":""65.7""},{""fuel"":""biomass"",""%"":""22.7""},{""fuel"":""alternative"",""%"":""7.9""}]",100.3544168,28.6636777,,"{""_seconds"":1763703490,""_nanoseconds"":607000000}",
DvDwMsE4ke50rZdbQk3Z,2025-11-21T05:26:50.942Z,1229.667944,87.39792144,0.898036379,1397.091212,845.6533016,61.83628114,20.72134381,5.477019523,3.149204505,2.016824071,1132.075797,"[{""fuel"":""coal"",""%"":55.71847652529983},{""fuel"":""biomass"",""%"":24.67213998906161},{""fuel"":""petcoke"",""%"":18.206146584024314}]",100.124382,28.69349545,10:56,"{""_seconds"":1763702811,""_nanoseconds"":99000000}",
E38DJom3CVVX4nm1kGbZ,2025-11-20T21:08:39.083Z,1221.712199,83.10829825,0.849272663,1410.497452,877.023114,63.4573697,21.33755194,5.445203848,3.291429091,2.296379028,1140.290995,"[{""fuel"":""coal"",""%"":52.157429020776796},{""fuel"":""biomass"",""%"":25.579949919996878},{""fuel"":""petcoke"",""%"":18.436561808652073}]",101.1454771,26.56145209,2:38,"{""_seconds"":1763672920,""_nanoseconds"":581000000}",
EmUH42wNLi4vTmj5d329,2025-11-21T05:35:00.451Z,1207.361017,90.96332386,0.839194873,1431.747814,,59.00695707,20.22436298,5.219731282,3.435701714,,,"[{""fuel"":""coal"",""%"":""62.7""},{""fuel"":""biomass"",""%"":""21.4""},{""fuel"":""alternative"",""%"":""7.9""}]",103.1191899,30.62099271,,"{""_seconds"":1763703300,""_nanoseconds"":612000000}",
Ep7MhnQ1iBCJHnwnMLCC,2025-11-20T20:55:53.663Z,1246.040821,86.95988887,0.88488415,1406.992729,868.7131314,62.59095338,21.18820857,5.654437445,3.254791013,2.121321295,1161.53253,"[{""fuel"":""coal"",""%"":57.66079111992464},{""fuel"":""biomass"",""%"":27.149630520228055},{""fuel"":""petcoke"",""%"":21.40212482523251}]",94.41519618,28.90419536,2:25,"{""_seconds"":1763672154,""_nanoseconds"":80000000}",
Ez2h5QOWMZZtj7A6Cqub,2025-11-21T05:39:18.455Z,1281.230727,95.67497407,0.850909045,1426.127607,,58.43256698,20.97197436,5.862339628,3.893145565,,,"[{""fuel"":""coal"",""%"":""65.8""},{""fuel"":""biomass"",""%"":""21.4""},{""fuel"":""alternative"",""%"":""8.9""}]",98.86316265,24.40081607,,"{""_seconds"":1763703558,""_nanoseconds"":629000000}",
FVWWanijH5nVLqnh5YYc,2025-11-20T21:07:02.644Z,1229.602167,83.16473966,0.889724719,1423.013879,875.1080932,62.06888349,20.86981737,5.558760159,3.012746277,1.89418241,1140.87209,"[{""fuel"":""coal"",""%"":57.7039567426199},{""fuel"":""biomass"",""%"":26.257314277326795},{""fuel"":""petcoke"",""%"":18.99443452908134}]",97.28054138,25.89942987,2:37,"{""_seconds"":1763672822,""_nanoseconds"":760000000}",
Gv9g2LV3wnm5kX00Dr2K,2025-11-20T21:16:02.607Z,1270.699566,83.58331238,0.869672754,1399.261808,840.2085561,61.70402465,20.66555982,5.270667137,3.312197111,2.193228416,1156.203783,"[{""fuel"":""coal"",""%"":52.595492935372825},{""fuel"":""biomass"",""%"":24.175890307157253},{""fuel"":""petcoke"",""%"":18.858893939886936}]",97.33719396,31.32265934,2:46,"{""_seconds"":1763673362,""_nanoseconds"":741000000}",
HKYU2NxeTLNH3eW0EtLX,2025-11-20T21:30:14.597Z,1219.901204,85.62072663,0.87384366,1422.958645,830.1791006,62.29040876,21.42111953,5.422888266,3.236280877,1.908967304,1142.664308,"[{""fuel"":""coal"",""%"":55.568807120937976},{""fuel"":""biomass"",""%"":25.53410657384284},{""fuel"":""petcoke"",""%"":20.239486435849738}]",98.60656813,31.9130469,3:00,"{""_seconds"":1763674214,""_nanoseconds"":738000000}",
Hhx8ZC1jtneJfXZ1NXIC,2025-11-21T05:30:31.457Z,1272.539443,89.44858893,0.820733284,1419.277791,,61.83129916,21.35148822,5.459904435,3.129489809,,,"[{""fuel"":""coal"",""%"":""63.2""},{""fuel"":""biomass"",""%"":""22.6""},{""fuel"":""alternative"",""%"":""8.1""}]",101.3894362,31.47087383,,"{""_seconds"":1763703031,""_nanoseconds"":618000000}",
HiiarV26YWaMtarMPR32,2025-11-20T20:49:56.667Z,1304.349159,88.28824659,0.864800195,1405.257361,821.0873379,62.65492338,20.66608521,5.659669792,3.304086121,2.290800917,1130.018946,"[{""fuel"":""coal"",""%"":55.19550832456634},{""fuel"":""biomass"",""%"":27.444968380400788},{""fuel"":""petcoke"",""%"":18.65472292489689}]",96.49731185,29.82894545,2:19,"{""_seconds"":1763671796,""_nanoseconds"":760000000}",
IQPP3brczEU0TQJtzRqe,2025-11-20T21:03:02.660Z,1208.63082,82.9359638,0.853859569,1412.458612,853.7430153,63.35293316,21.1144346,5.752703472,3.108428393,1.91864147,1163.160609,"[{""fuel"":""coal"",""%"":54.53042067060146},{""fuel"":""biomass"",""%"":26.779792335152926},{""fuel"":""petcoke"",""%"":19.189401905995826}]",99.63926417,30.32139131,2:33,"{""_seconds"":1763672582,""_nanoseconds"":764000000}",
ISGptG3VIwvBkEQDzWa7,2025-11-20T21:29:44.585Z,1219.952946,82.92176077,0.880950782,1421.496929,872.0124387,61.5702663,20.82660669,5.410255075,3.353267171,2.178007769,1152.397831,"[{""fuel"":""coal"",""%"":55.759296845779836},{""fuel"":""biomass"",""%"":25.888034030624443},{""fuel"":""petcoke"",""%"":21.14540484918857}]",101.8515668,29.76823524,2:59,"{""_seconds"":1763674184,""_nanoseconds"":741000000}",
Jn7X0tVaIMKOSStD0SnF,2025-11-21T05:33:19.449Z,1214.389275,91.81232803,0.860921573,1428.029023,,61.25751006,20.59322189,5.367613356,3.335135711,,,"[{""fuel"":""coal"",""%"":""62.7""},{""fuel"":""biomass"",""%"":""22.1""},{""fuel"":""alternative"",""%"":""7.7""}]",105.3768776,32.43619978,,"{""_seconds"":1763703199,""_nanoseconds"":610000000}",
Ju9bT8CJCPZYW0WTHqcn,2025-11-20T20:51:53.654Z,1278.187874,82.46645187,0.886612343,1395.574003,842.4996463,63.30611747,21.31782572,5.617577351,3.074544826,2.243846315,1149.630469,"[{""fuel"":""coal"",""%"":56.31975637792109},{""fuel"":""biomass"",""%"":24.00945986335371},{""fuel"":""petcoke"",""%"":19.911977176614247}]",97.58341601,31.41196784,2:21,"{""_seconds"":1763671913,""_nanoseconds"":758000000}",
KRPslNyQf3GZm6SrAplA,2025-11-20T21:29:14.589Z,1347.820852,80.88781833,0.847878692,1396.020292,847.1091948,61.93622787,21.17009782,5.468272323,3.248268331,1.857598111,1158.734633,"[{""fuel"":""coal"",""%"":55.51436632707615},{""fuel"":""biomass"",""%"":26.85687855773432},{""fuel"":""petcoke"",""%"":20.243283116642367}]",94.68024083,29.31608064,2:59,"{""_seconds"":1763674154,""_nanoseconds"":737000000}",
KtybYUFyRbIzKDijD4WL,2025-11-21T05:24:02.679Z,1316.633984,82.93746311,0.88954304,1411.967329,855.6540311,62.07873184,21.39648655,5.643276887,3.316352729,2.171336328,1132.094958,"[{""fuel"":""coal"",""%"":54.928612335159784},{""fuel"":""biomass"",""%"":26.945184614291012},{""fuel"":""petcoke"",""%"":21.403498696826613}]",95.35275688,25.38295106,10:54,"{""_seconds"":1763702642,""_nanoseconds"":842000000}",
Kvt0KyxAhrCEMz9NiCbA,2025-11-21T05:35:34.451Z,1188.586521,94.0258536,0.845050759,1432.4027,,58.21299409,20.56536324,5.278855942,3.314821978,,,"[{""fuel"":""coal"",""%"":""65.7""},{""fuel"":""biomass"",""%"":""23.2""},{""fuel"":""alternative"",""%"":""8.2""}]",102.0325391,30.07144231,,"{""_seconds"":1763703334,""_nanoseconds"":612000000}",
L4tvCPEkBR56M5R4z6dC,2025-11-20T20:48:56.654Z,1208.011525,85.50285869,0.874269592,1410.028155,862.5140185,62.73419157,20.90523759,5.753585273,3.261770352,1.878844332,1141.507043,"[{""fuel"":""coal"",""%"":56.80377817820364},{""fuel"":""biomass"",""%"":24.992382874365013},{""fuel"":""petcoke"",""%"":20.814579619729816}]",101.5102966,27.00829212,2:18,"{""_seconds"":1763671736,""_nanoseconds"":765000000}",
LDmQdUBiLLtHnQ1jiUqI,2025-11-20T21:04:02.670Z,1252.189453,81.02366117,0.87564413,1420.154341,856.3403416,61.50973542,21.11256183,5.237715832,3.259151609,2.269889121,1169.719513,"[{""fuel"":""coal"",""%"":52.09462264178035},{""fuel"":""biomass"",""%"":24.006676663301892},{""fuel"":""petcoke"",""%"":18.599801603761524}]",97.80278659,30.04137793,2:34,"{""_seconds"":1763672642,""_nanoseconds"":786000000}",
MWd4anwsykRLPOXzIARz,2025-11-21T05:38:22.461Z,1237.746323,95.54698497,0.85053678,1425.249292,,58.84416293,20.66665778,5.679115353,3.743614636,,,"[{""fuel"":""coal"",""%"":""65.5""},{""fuel"":""biomass"",""%"":""22.1""},{""fuel"":""alternative"",""%"":""7.5""}]",99.36001835,27.70677358,,"{""_seconds"":1763703502,""_nanoseconds"":618000000}",
NMENvXqDU74ZvDl5GzCb,2025-11-20T21:09:09.629Z,1270.942897,89.22872475,0.850534696,1412.142377,859.0198779,63.42105979,20.78934933,5.529861727,3.097666834,2.209580492,1143.652528,"[{""fuel"":""coal"",""%"":57.37672499866309},{""fuel"":""biomass"",""%"":26.416762427688948},{""fuel"":""petcoke"",""%"":18.631550475369238}]",101.7871392,25.56292773,2:39,"{""_seconds"":1763672949,""_nanoseconds"":759000000}",
QSRlQVB7Al6DnevDih2N,2025-11-21T05:38:33.454Z,1219.72928,96.54176737,0.842303052,1429.623679,,58.71287652,20.75165059,5.720736853,3.812527423,,,"[{""fuel"":""coal"",""%"":""64.9""},{""fuel"":""biomass"",""%"":""22.2""},{""fuel"":""alternative"",""%"":""8.7""}]",99.34135788,27.71794971,,"{""_seconds"":1763703513,""_nanoseconds"":614000000}",
R2RDgcAUasUz9RH5U0lh,2025-11-20T21:34:02.583Z,1229.733477,85.98101039,0.848428907,1402.135087,827.374054,62.78251041,20.64774819,5.373838029,3.270293844,2.172230431,1169.223318,"[{""fuel"":""coal"",""%"":55.478460898554154},{""fuel"":""biomass"",""%"":24.80498808047336},{""fuel"":""petcoke"",""%"":20.383380531157872}]",98.06275378,31.17606669,3:04,"{""_seconds"":1763674504,""_nanoseconds"":616000000}",
T2pDN8LjnN5GR2se1oX5,2025-11-20T21:30:44.589Z,1253.582439,86.37611203,0.87593962,1411.184373,849.7589608,62.11319702,21.33636044,5.210524245,3.133497311,1.87380369,1135.981528,"[{""fuel"":""coal"",""%"":57.3122021290054},{""fuel"":""biomass"",""%"":25.792552810788216},{""fuel"":""petcoke"",""%"":20.262470246891972}]",98.74420649,30.63418599,3:00,"{""_seconds"":1763674244,""_nanoseconds"":724000000}",
TkqWr5QcEF9KUxlb4qKs,2025-11-21T05:33:30.453Z,1208.516996,90.27254355,0.863194187,1427.291291,,60.95538667,20.55515072,5.412889972,3.245542726,,,"[{""fuel"":""coal"",""%"":""66.0""},{""fuel"":""biomass"",""%"":""22.0""},{""fuel"":""alternative"",""%"":""7.6""}]",104.3944397,33.21016483,,"{""_seconds"":1763703210,""_nanoseconds"":620000000}",
TmjOpH0npzVHrV0BXSNe,2025-11-20T20:50:35.792Z,1346.273624,85.26631881,0.849336568,1399.516672,833.6384768,62.1999138,21.30481287,5.699151749,3.28834942,1.904131958,1150.123868,"[{""fuel"":""coal"",""%"":57.77442632666182},{""fuel"":""biomass"",""%"":27.87017512526733},{""fuel"":""petcoke"",""%"":19.597673132205024}]",94.69369233,29.98256796,2:20,"{""_seconds"":1763671835,""_nanoseconds"":900000000}",
U7xnRSDzDIC7OLWQY0Z8,,,,,,,,,,,,,,,,"{""_seconds"":1763585144,""_nanoseconds"":427000000}",,
UMUBhIzaoeSGR7843rVv,2025-11-20T20:52:23.661Z,1226.845008,82.75167722,0.872131012,1412.26924,859.1995805,63.12025785,21.12546966,5.279054521,3.129938117,1.867234041,1143.706952,"[{""fuel"":""coal"",""%"":56.69020491218858},{""fuel"":""biomass"",""%"":25.269104865596066},{""fuel"":""petcoke"",""%"":21.154970796428152}]",96.42165748,28.31863983,2:22,"{""_seconds"":1763671943,""_nanoseconds"":764000000}",
VHglxCuVjfjy4X2WnCKr,2025-11-21T05:32:12.459Z,1251.220839,91.66821555,0.851269741,1419.963894,,60.78292091,20.56806514,5.385697302,3.105084017,,,"[{""fuel"":""coal"",""%"":""64.7""},{""fuel"":""biomass"",""%"":""21.8""},{""fuel"":""alternative"",""%"":""7.5""}]",103.2377289,30.70942252,,"{""_seconds"":1763703132,""_nanoseconds"":621000000}",
W4vMoVlUNShbzZuZaru0,2025-11-21T05:35:56.450Z,1191.370155,94.54238755,0.847290134,1428.126734,,58.88888097,20.69622969,5.419099813,3.498359007,,,"[{""fuel"":""coal"",""%"":""64.8""},{""fuel"":""biomass"",""%"":""22.8""},{""fuel"":""alternative"",""%"":""7.1""}]",102.6223753,29.0848447,,"{""_seconds"":1763703356,""_nanoseconds"":611000000}",
W5Jdk4jbMiHcdQ5l5k87,2025-11-20T21:08:32.613Z,1294.621479,81.00762823,0.821720302,1409.974345,863.5342033,62.34948651,20.59537754,5.744766351,3.301354656,1.843881371,1163.876486,"[{""fuel"":""coal"",""%"":57.41290675931282},{""fuel"":""biomass"",""%"":27.79950990731166},{""fuel"":""petcoke"",""%"":20.970516047940187}]",97.31869644,31.01720016,2:38,"{""_seconds"":1763672912,""_nanoseconds"":740000000}",
WMRdbyEj329c1H0H59fn,2025-11-20T20:49:48.061Z,1334.781786,87.91983712,0.839372998,1400.409035,863.2393742,63.27791153,21.21963988,5.632889716,3.240487795,1.836687769,1167.182778,"[{""fuel"":""coal"",""%"":55.13087140018581},{""fuel"":""biomass"",""%"":25.619117766521452},{""fuel"":""petcoke"",""%"":20.26772902004356}]",100.3433409,31.00319775,2:19,"{""_seconds"":1763671788,""_nanoseconds"":204000000}",
WlZFIG2vauCg6cNhWilZ,2025-11-21T05:35:11.452Z,1189.48272,90.23876283,0.84423953,1432.881536,,58.96235584,20.28414294,5.235840475,3.493326382,,,"[{""fuel"":""coal"",""%"":""63.7""},{""fuel"":""biomass"",""%"":""20.6""},{""fuel"":""alternative"",""%"":""8.8""}]",102.4990837,29.70407073,,"{""_seconds"":1763703311,""_nanoseconds"":612000000}",
WrSKyPPYvSQXoZAYZ9Bz,2025-11-21T05:36:18.448Z,1189.47395,95.6145191,0.851960018,1425.904996,,58.42315073,20.78428667,5.394523828,3.562242772,,,"[{""fuel"":""coal"",""%"":""63.4""},{""fuel"":""biomass"",""%"":""22.7""},{""fuel"":""alternative"",""%"":""7.2""}]",102.6232533,29.88745007,,"{""_seconds"":1763703378,""_nanoseconds"":610000000}",
XaeACjgqvS86A5sTObcd,2025-11-21T05:32:46.452Z,1246.56003,89.89595512,0.864853822,1424.900243,,61.18463053,20.49832291,5.344413598,3.127370411,,,"[{""fuel"":""coal"",""%"":""65.4""},{""fuel"":""biomass"",""%"":""21.4""},{""fuel"":""alternative"",""%"":""8.7""}]",104.8956398,30.79354586,,"{""_seconds"":1763703166,""_nanoseconds"":614000000}",
XnFAXUivysXQCB3KrJkO,2025-11-20T21:09:39.625Z,1271.561139,83.6549855,0.860425393,1404.922777,821.4246666,62.84379291,21.05451598,5.359019474,3.143754462,1.977088873,1154.366468,"[{""fuel"":""coal"",""%"":57.475304240658375},{""fuel"":""biomass"",""%"":24.452476707488607},{""fuel"":""petcoke"",""%"":21.50052074600166}]",95.27306268,26.68934886,2:39,"{""_seconds"":1763672979,""_nanoseconds"":740000000}",
Y1dVHpyqfgPbuPky1B6q,2025-11-20T21:01:02.664Z,1276.237185,85.53065199,0.843243363,1418.007771,831.6652614,62.39632643,21.47908541,5.363280139,3.319250128,1.835170234,1160.067497,"[{""fuel"":""coal"",""%"":56.77196896702095},{""fuel"":""biomass"",""%"":25.666575360608107},{""fuel"":""petcoke"",""%"":21.25179741006768}]",95.25911929,25.65249591,2:31,"{""_seconds"":1763672462,""_nanoseconds"":846000000}",
YKX7YvjJfiYtiYVG0bfW,2025-11-20T20:53:23.659Z,1259.452184,80.23085522,0.864993705,1397.375592,870.7477898,61.84853265,21.44350994,5.573234696,3.146237049,2.142078413,1165.530329,"[{""fuel"":""coal"",""%"":53.37167272374566},{""fuel"":""biomass"",""%"":24.540949813062575},{""fuel"":""petcoke"",""%"":18.952615806710053}]",94.17980267,24.24080858,2:23,"{""_seconds"":1763672003,""_nanoseconds"":763000000}",
Z0OdWFvYskC2WJsvhOLO,2025-11-20T21:10:39.634Z,1287.762324,84.16261371,0.820465136,1421.744262,874.9759583,62.24683268,20.84542488,5.43692985,3.291027142,2.031900374,1167.71701,"[{""fuel"":""coal"",""%"":55.03411986308605},{""fuel"":""biomass"",""%"":25.261425079167854},{""fuel"":""petcoke"",""%"":18.064838807867293}]",98.26449454,29.88020602,2:40,"{""_seconds"":1763673039,""_nanoseconds"":761000000}",
ZNFkNd6VGc2QCwuLyBaU,2025-11-21T05:32:23.461Z,1267.308055,92.44254113,0.859380082,1424.154004,,61.13763508,20.75580522,5.295639124,3.127776541,,,"[{""fuel"":""coal"",""%"":""64.1""},{""fuel"":""biomass"",""%"":""21.9""},{""fuel"":""alternative"",""%"":""7.0""}]",103.8191076,29.98144986,,"{""_seconds"":1763703143,""_nanoseconds"":625000000}",
ZyvOBlE7TphKUhYaK2Op,2025-11-20T20:48:46.726Z,1282.551163,80.63450346,0.858584575,1403.762405,864.0300813,63.31301763,21.35171921,5.313428832,3.348025189,2.157928118,1137.375661,"[{""fuel"":""coal"",""%"":54.24443086155362},{""fuel"":""biomass"",""%"":24.64547841571675},{""fuel"":""petcoke"",""%"":18.681095773554453}]",98.25227946,31.26223365,2:18,"{""_seconds"":1763671726,""_nanoseconds"":820000000}",
a4sJsIjYC7NY5uBcjply,2025-11-20T20:55:02.663Z,1248.153614,88.95914924,0.870854874,1420.90748,834.6385474,63.21658783,21.29067149,5.662856281,3.39715676,2.063505741,1143.09146,"[{""fuel"":""coal"",""%"":57.05364442635728},{""fuel"":""biomass"",""%"":27.53210706700345},{""fuel"":""petcoke"",""%"":18.74218802539201}]",99.46235083,25.81661507,2:25,"{""_seconds"":1763672102,""_nanoseconds"":765000000}",
a7UsMpwqW2l3UpJWtyBf,2025-11-20T20:50:52.759Z,1267.769946,81.88392437,0.822796634,1416.499545,854.5568669,61.60290221,20.87134406,5.703142394,3.041124705,2.052600271,1158.607508,"[{""fuel"":""coal"",""%"":56.592543334764606},{""fuel"":""biomass"",""%"":26.290885877749993},{""fuel"":""petcoke"",""%"":19.749625322576172}]",94.41317564,30.47055263,2:20,"{""_seconds"":1763671853,""_nanoseconds"":108000000}",
aSJT1MsOCU3Y2uMex7Tr,2025-11-20T20:51:23.652Z,1214.782185,88.2503906,0.832736968,1410.572922,865.7118757,61.75228343,20.99304016,5.440678064,3.310807603,1.802774872,1164.032021,"[{""fuel"":""coal"",""%"":56.96028998594174},{""fuel"":""biomass"",""%"":24.24223805577893},{""fuel"":""petcoke"",""%"":19.877545185464022}]",98.28539169,24.76568645,2:21,"{""_seconds"":1763671883,""_nanoseconds"":764000000}",
aesePNjIxaaInCDR5pdt,2025-11-21T05:30:09.455Z,1287.22927,88.46248742,0.823600212,1412.758804,,62.11998033,21.40075279,5.312703903,3.235712102,,,"[{""fuel"":""coal"",""%"":""64.9""},{""fuel"":""biomass"",""%"":""22.8""},{""fuel"":""alternative"",""%"":""7.4""}]",100.3626304,31.63447918,,"{""_seconds"":1763703009,""_nanoseconds"":689000000}",
bU6JsCgxKMMmxsEBIWr2,2025-11-20T21:28:44.600Z,1246.180907,80.66844561,0.835724959,1407.401112,846.7775666,63.18787188,20.53971274,5.593350491,3.080637294,2.062344663,1150.869866,"[{""fuel"":""coal"",""%"":54.88551364337108},{""fuel"":""biomass"",""%"":25.074114669481922},{""fuel"":""petcoke"",""%"":21.715893660576736}]",98.42951011,28.98001023,2:58,"{""_seconds"":1763674124,""_nanoseconds"":742000000}",
bnALBH5kYPXJJezMjHqF,2025-11-21T05:37:14.453Z,1219.286199,95.79867082,0.847455442,1426.367707,,58.20572474,20.58538926,5.526570496,3.541721171,,,"[{""fuel"":""coal"",""%"":""65.6""},{""fuel"":""biomass"",""%"":""23.1""},{""fuel"":""alternative"",""%"":""7.2""}]",101.3558533,28.99637342,,"{""_seconds"":1763703434,""_nanoseconds"":613000000}",
by5rz9Jk7pXigY4t9x3l,2025-11-20T20:56:53.665Z,1300.786993,81.74871577,0.893254666,1396.95975,829.5352375,62.64932648,21.23456037,5.657966799,3.379611375,2.226641579,1145.651943,"[{""fuel"":""coal"",""%"":52.45113945767422},{""fuel"":""biomass"",""%"":25.31948573027188},{""fuel"":""petcoke"",""%"":18.960572470386705}]",98.84440516,25.29204679,2:26,"{""_seconds"":1763672213,""_nanoseconds"":772000000}",
bzB3qk0kHooTWgWB9msi,2025-11-21T05:37:03.459Z,1208.863333,96.42885928,0.850733308,1425.041048,,58.45723544,20.80452625,5.48337998,3.506595842,,,"[{""fuel"":""coal"",""%"":""64.3""},{""fuel"":""biomass"",""%"":""21.4""},{""fuel"":""alternative"",""%"":""7.5""}]",100.6140072,29.53681784,,"{""_seconds"":1763703423,""_nanoseconds"":619000000}",
c2l2GpfjJueJjdYP9aOV,2025-11-21T05:33:08.451Z,1218.77188,93.07950851,0.870870265,1430.865737,,61.27474651,20.53113823,5.467390199,3.260790712,,,"[{""fuel"":""coal"",""%"":""65.4""},{""fuel"":""biomass"",""%"":""21.7""},{""fuel"":""alternative"",""%"":""8.7""}]",104.9350976,32.62638838,,"{""_seconds"":1763703188,""_nanoseconds"":611000000}",
c7MuujkHCvw3lbxFP349,2025-11-20T20:49:06.695Z,1265.950939,81.35568529,0.865939319,1404.603989,858.9332823,63.28588511,20.78013754,5.741491885,3.287667374,1.880114273,1169.564063,"[{""fuel"":""coal"",""%"":53.47618192469343},{""fuel"":""biomass"",""%"":27.12169981753399},{""fuel"":""petcoke"",""%"":20.498610688107696}]",97.425166,24.01962599,2:19,"{""_seconds"":1763671746,""_nanoseconds"":803000000}",
ciQFdJR2ce7DMBGfDgjN,2025-11-21T05:26:32.687Z,1348.554933,88.46169204,0.863132789,1419.803132,833.675764,63.13457494,21.17298392,5.471634249,3.380070409,1.97953848,1143.421788,"[{""fuel"":""coal"",""%"":57.05222882010999},{""fuel"":""biomass"",""%"":26.30201819770114},{""fuel"":""petcoke"",""%"":18.599510853220952}]",101.1381956,31.37892661,10:56,"{""_seconds"":1763702792,""_nanoseconds"":847000000}",
dPAaiGHqgKTYij2ZAzb5,2025-11-20T21:31:44.594Z,1342.35189,84.28469723,0.894156708,1401.495655,831.6900605,63.31173894,21.42273965,5.441180474,3.386857342,2.290592445,1168.6695,"[{""fuel"":""coal"",""%"":53.49775638722588},{""fuel"":""biomass"",""%"":27.518161851349348},{""fuel"":""petcoke"",""%"":19.599957810097866}]",94.60967853,31.0134367,3:01,"{""_seconds"":1763674304,""_nanoseconds"":736000000}",
eesSfrZYG3eUg1eY97zG,2025-11-20T21:13:02.615Z,1322.235642,86.87066274,0.859346361,1409.79192,843.0264596,62.85387238,20.73599785,5.31079002,3.394451663,2.268688919,1140.800435,"[{""fuel"":""coal"",""%"":54.55406506565445},{""fuel"":""biomass"",""%"":26.803804208697755},{""fuel"":""petcoke"",""%"":19.30441453484935}]",100.8199415,27.52393967,2:43,"{""_seconds"":1763673182,""_nanoseconds"":761000000}",
eyLIXTNYT54XGbrzdywd,2025-11-21T05:30:54.451Z,1279.212841,87.9512743,0.832120277,1422.642411,,61.93389967,21.01104352,5.375383833,3.107510192,,,"[{""fuel"":""coal"",""%"":""63.0""},{""fuel"":""biomass"",""%"":""20.6""},{""fuel"":""alternative"",""%"":""9.0""}]",101.6625635,32.02512306,,"{""_seconds"":1763703054,""_nanoseconds"":610000000}",
gNU9VVUpIWCYTeNP5ktv,2025-11-21T05:34:04.455Z,1223.769425,88.06289596,0.844911632,1426.262249,,60.45870656,20.46334474,5.281786601,3.195281023,,,"[{""fuel"":""coal"",""%"":""64.3""},{""fuel"":""biomass"",""%"":""23.2""},{""fuel"":""alternative"",""%"":""8.1""}]",104.1765876,32.8753369,,"{""_seconds"":1763703244,""_nanoseconds"":616000000}",
gTotN2DTj1Y1TTiJuoO4,2025-11-21T05:37:59.453Z,1273.436029,97.7934597,0.851171348,1432.955035,,58.26045792,20.61647381,5.607856975,3.612074315,,,"[{""fuel"":""coal"",""%"":""65.4""},{""fuel"":""biomass"",""%"":""20.8""},{""fuel"":""alternative"",""%"":""7.4""}]",99.75149014,28.35130742,,"{""_seconds"":1763703479,""_nanoseconds"":614000000}",
gYS7Q5adLw8O1XK8qeix,2025-11-21T05:32:01.456Z,1233.146511,91.49368947,0.841854159,1418.264629,,61.20239731,20.51858986,5.431500354,3.136079898,,,"[{""fuel"":""coal"",""%"":""64.4""},{""fuel"":""biomass"",""%"":""21.5""},{""fuel"":""alternative"",""%"":""8.6""}]",103.283221,31.55092632,,"{""_seconds"":1763703121,""_nanoseconds"":623000000}",
gZ5dT9gKLWqrHYAdcVXn,2025-11-21T05:31:16.451Z,1271.368982,88.65910548,0.831366456,1425.333571,,62.25261742,20.68086148,5.424735793,3.05613563,,,"[{""fuel"":""coal"",""%"":""67.1""},{""fuel"":""biomass"",""%"":""22.9""},{""fuel"":""alternative"",""%"":""8.2""}]",102.3530277,31.24623779,,"{""_seconds"":1763703076,""_nanoseconds"":612000000}",
gtAbzt9JXe2LIYUKwGyY,2025-11-20T20:59:02.658Z,1236.559022,88.56625109,0.820521314,1415.497207,828.4833732,63.33405384,21.28960872,5.641247388,3.292295447,2.249395471,1142.280369,"[{""fuel"":""coal"",""%"":56.98989974448713},{""fuel"":""biomass"",""%"":24.840234130104434},{""fuel"":""petcoke"",""%"":20.051788513443853}]",95.04761672,27.86874752,2:29,"{""_seconds"":1763672345,""_nanoseconds"":751000000}",
h5iFdWm2ZJXRaDl38O7k,2025-11-20T20:50:16.656Z,1348.441716,83.03187199,0.876661864,1413.222661,861.6742083,61.7790382,21.48514955,5.289205692,3.36843668,2.2789526,1163.54649,"[{""fuel"":""coal"",""%"":57.50877794019437},{""fuel"":""biomass"",""%"":26.938679459820147},{""fuel"":""petcoke"",""%"":21.88682922691977}]",95.02906127,24.02648093,2:20,"{""_seconds"":1763671816,""_nanoseconds"":759000000}",
hBP6ARLeifLSjdKlJMrJ,2025-11-20T21:36:02.614Z,1288.533127,85.24314841,0.873433254,1408.102717,837.2597257,62.90404167,20.8067933,5.505647194,3.370213085,2.280976856,1147.197263,"[{""fuel"":""coal"",""%"":53.431104883344034},{""fuel"":""biomass"",""%"":25.07983497923601},{""fuel"":""petcoke"",""%"":18.395272436314592}]",99.91713681,29.63781253,3:06,"{""_seconds"":1763674562,""_nanoseconds"":800000000}",
hN2dMvktjoWOmvv0RqtU,2025-11-21T05:29:58.450Z,1277.896215,88.54886885,0.815736424,1410.564151,,61.89285789,21.39038028,5.302057186,3.17361637,,,"[{""fuel"":""coal"",""%"":""63.4""},{""fuel"":""biomass"",""%"":""22.8""},{""fuel"":""alternative"",""%"":""7.4""}]",99.69654269,31.65106342,,"{""_seconds"":1763702998,""_nanoseconds"":608000000}",
hQRW7HaXZdg2Yiu4zwBA,2025-11-21T05:35:22.460Z,1182.72132,91.91845326,0.836767951,1432.164854,,58.68154056,20.39380348,5.241418802,3.406780347,,,"[{""fuel"":""coal"",""%"":""65.5""},{""fuel"":""biomass"",""%"":""21.1""},{""fuel"":""alternative"",""%"":""7.0""}]",102.2497583,30.0219862,,"{""_seconds"":1763703322,""_nanoseconds"":621000000}",
hQvU3XqSDoqJFYIEpA6A,2025-11-20T21:19:02.613Z,1342.07365,88.97393122,0.892557888,1413.287904,854.0819781,63.17860242,21.02886614,5.559227737,3.19805271,1.849475908,1137.346112,"[{""fuel"":""coal"",""%"":57.49025001029483},{""fuel"":""biomass"",""%"":24.598665660386317},{""fuel"":""petcoke"",""%"":19.250769905952247}]",95.74848473,26.97833744,2:49,"{""_seconds"":1763673542,""_nanoseconds"":761000000}",
iSpfkXawp7BR9cRLfN0J,2025-11-21T05:37:37.461Z,1233.891392,95.687805,0.853461759,1432.624241,,58.63122871,20.74613061,5.506841926,3.716446452,,,"[{""fuel"":""coal"",""%"":""64.6""},{""fuel"":""biomass"",""%"":""22.6""},{""fuel"":""alternative"",""%"":""8.0""}]",100.6684942,28.43603659,,"{""_seconds"":1763703457,""_nanoseconds"":620000000}",
iV5rKst7YJs8onNCy4GW,2025-11-21T05:24:32.682Z,1343.634273,83.16187671,0.899799531,1404.48005,879.689288,62.88626888,20.68922812,5.740904527,3.098808869,2.221454717,1166.530809,"[{""fuel"":""coal"",""%"":56.89270181610917},{""fuel"":""biomass"",""%"":27.12013530496263},{""fuel"":""petcoke"",""%"":20.592978333139477}]",100.3732401,25.00902868,10:54,"{""_seconds"":1763702672,""_nanoseconds"":843000000}",
jyepELAuEbJWGYjperPt,2025-11-21T05:37:26.459Z,1211.610936,96.55008445,0.854907234,1430.533922,,58.13786667,20.53079569,5.486579052,3.629603114,,,"[{""fuel"":""coal"",""%"":""62.7""},{""fuel"":""biomass"",""%"":""21.3""},{""fuel"":""alternative"",""%"":""7.0""}]",100.6165696,29.10594236,,"{""_seconds"":1763703446,""_nanoseconds"":618000000}",
kQ7UJO1fOcUFdaJTLuQZ,2025-11-20T21:11:09.622Z,1341.384836,88.14207785,0.865558488,1402.881264,869.4155312,62.63522816,20.90143086,5.622923012,3.287341661,1.973817894,1145.920298,"[{""fuel"":""coal"",""%"":57.177198326145955},{""fuel"":""biomass"",""%"":24.58954887974259},{""fuel"":""petcoke"",""%"":18.868128684938362}]",100.5021689,26.89270907,2:41,"{""_seconds"":1763673069,""_nanoseconds"":901000000}",
l3sx1QsM5gKrL3ys5bu8,2025-11-21T05:31:05.458Z,1294.056459,86.42434231,0.827688885,1426.275541,,62.37855446,20.82045569,5.460723141,3.125610653,,,"[{""fuel"":""coal"",""%"":""67.0""},{""fuel"":""biomass"",""%"":""20.7""},{""fuel"":""alternative"",""%"":""7.2""}]",102.2691763,31.27401772,,"{""_seconds"":1763703065,""_nanoseconds"":615000000}",
lxnZGC5GNL6Rcu4RciBn,2025-11-21T05:29:13.455Z,1303.899646,87.47130042,0.835783985,1411.792278,,62.149295,21.369334,5.248615813,3.369869595,,,"[{""fuel"":""coal"",""%"":""63.3""},{""fuel"":""biomass"",""%"":""22.0""},{""fuel"":""alternative"",""%"":""8.1""}]",99.2653242,30.96295061,,"{""_seconds"":1763702953,""_nanoseconds"":675000000}",
m1hiKSSxxeyVJNXTe9hq,2025-11-20T20:52:53.653Z,1210.893852,83.59922025,0.895749767,1410.220189,867.7332691,61.96732913,21.1788923,5.303100091,3.078497205,2.298688334,1148.522323,"[{""fuel"":""coal"",""%"":52.28262008860855},{""fuel"":""biomass"",""%"":24.8461486336564},{""fuel"":""petcoke"",""%"":20.7847774178985}]",98.27842463,29.4642965,2:22,"{""_seconds"":1763671973,""_nanoseconds"":744000000}",
mIFiZzr2ZzpR3LdohnFA,2025-11-20T20:48:26.662Z,1344.62538,81.18268791,0.861764244,1418.157075,878.1722979,61.82352306,21.12663477,5.663669846,3.225052294,2.241590901,1133.934791,"[{""fuel"":""coal"",""%"":52.18894549614857},{""fuel"":""biomass"",""%"":24.42254974351129},{""fuel"":""petcoke"",""%"":19.991820060627692}]",97.45759919,27.58733853,2:18,"{""_seconds"":1763671706,""_nanoseconds"":768000000}",
n4nxeGaiMlxjbuYv8equ,2025-11-21T05:25:32.684Z,1249.914413,84.06681862,0.876802459,1406.491348,827.1378931,62.628211,21.48724013,5.627900375,3.340127305,1.835424798,1141.492555,"[{""fuel"":""coal"",""%"":53.29071575981431},{""fuel"":""biomass"",""%"":27.045822971395577},{""fuel"":""petcoke"",""%"":18.379018749556984}]",98.33484845,29.54153959,10:55,"{""_seconds"":1763702732,""_nanoseconds"":850000000}",
nAZsYSyPizCGbXqpkzQ6,2025-11-20T20:48:15.765Z,1317.613208,89.99777576,0.865802886,1400.77523,858.5773255,62.33881831,20.61017905,5.562342329,3.148373263,1.999269869,1134.689193,"[{""fuel"":""coal"",""%"":57.32222195080872},{""fuel"":""biomass"",""%"":27.45668226512622},{""fuel"":""petcoke"",""%"":20.097910270870816}]",94.90216868,24.35201103,2:18,"{""_seconds"":1763671698,""_nanoseconds"":586000000}",
nKgeqME8VspVqrzAUojb,2025-11-20T20:55:46.042Z,1233.76197,84.65157592,0.88149344,1405.341689,836.9366681,62.27116238,21.48936413,5.600606972,3.249565257,1.83776873,1132.812584,"[{""fuel"":""coal"",""%"":55.61875529733039},{""fuel"":""biomass"",""%"":24.696864435445587},{""fuel"":""petcoke"",""%"":19.423838104815637}]",101.8967633,28.10387893,2:25,"{""_seconds"":1763672146,""_nanoseconds"":690000000}",
oK5hO3whpQsfN2MVJpRu,2025-11-20T21:18:02.601Z,1281.222122,89.32782697,0.845327866,1398.257102,848.1829801,62.29951335,21.47481583,5.297943667,3.332967187,1.966307668,1144.737753,"[{""fuel"":""coal"",""%"":57.42497223991717},{""fuel"":""biomass"",""%"":26.182861899150414},{""fuel"":""petcoke"",""%"":19.582473295770907}]",94.05096844,31.89381797,2:48,"{""_seconds"":1763673482,""_nanoseconds"":744000000}",
okP4KyxUdRBQ6x63jVdR,2025-11-21T05:37:48.452Z,1249.88909,96.80678089,0.858758969,1436.447247,,58.69155169,20.61770468,5.578174772,3.646036218,,,"[{""fuel"":""coal"",""%"":""67.3""},{""fuel"":""biomass"",""%"":""21.5""},{""fuel"":""alternative"",""%"":""7.2""}]",100.5203908,28.67968129,,"{""_seconds"":1763703468,""_nanoseconds"":608000000}",
pIF6eOeCVEoQBsx6ZU9u,2025-11-21T05:39:41.457Z,1287.594997,95.63881708,0.866704112,1424.934763,,58.15530715,21.29880461,5.911652607,3.878850526,,,"[{""fuel"":""coal"",""%"":""64.6""},{""fuel"":""biomass"",""%"":""23.3""},{""fuel"":""alternative"",""%"":""8.8""}]",98.39791056,25.511347,,"{""_seconds"":1763703581,""_nanoseconds"":622000000}",
pNvVteCPk4ShqKX90UHr,2025-11-21T05:23:02.667Z,1251.362702,86.06535104,0.850556733,1413.795878,859.7465854,63.21725722,21.02377951,5.763954092,3.309530339,1.867437773,1133.627124,"[{""fuel"":""coal"",""%"":57.56533254153811},{""fuel"":""biomass"",""%"":26.930805328889782},{""fuel"":""petcoke"",""%"":18.583857751886697}]",101.7107921,25.79633871,10:53,"{""_seconds"":1763702585,""_nanoseconds"":488000000}",
q1DAV40l8G3Nj3N6McrU,2025-11-20T21:14:02.623Z,1270.73392,83.95296824,0.823002654,1396.728338,857.0617456,61.62516058,21.40516882,5.596432593,3.036261432,2.29485685,1158.885061,"[{""fuel"":""coal"",""%"":52.51802277081946},{""fuel"":""biomass"",""%"":25.623643296180802},{""fuel"":""petcoke"",""%"":18.542575991322266}]",94.23902777,30.3894153,2:44,"{""_seconds"":1763673242,""_nanoseconds"":766000000}",
qE3Bhb0kqWkMFGWsWxVw,2025-11-20T21:08:02.648Z,1294.872934,83.54029778,0.828681964,1400.714434,825.3879517,62.01641187,20.83679521,5.685479607,3.171146581,2.135318508,1166.979533,"[{""fuel"":""coal"",""%"":57.52679014799949},{""fuel"":""biomass"",""%"":25.123544813222168},{""fuel"":""petcoke"",""%"":21.08995505031558}]",101.8967629,26.74405577,2:38,"{""_seconds"":1763672882,""_nanoseconds"":771000000}",
qHBNIDYkz9E3kn5FF0VP,2025-11-21T05:33:42.454Z,1226.349458,88.58036186,0.859216291,1429.44794,,60.51817652,20.40861081,5.320290894,3.229931729,,,"[{""fuel"":""coal"",""%"":""66.9""},{""fuel"":""biomass"",""%"":""21.5""},{""fuel"":""alternative"",""%"":""7.6""}]",105.0052016,32.5830083,,"{""_seconds"":1763703222,""_nanoseconds"":614000000}",
qeGMLgZXyA5OyDVc2gsn,2025-11-21T05:29:24.455Z,1321.794795,89.22173098,0.831972338,1407.563682,,62.57473222,21.29462971,5.334328373,3.432395306,,,"[{""fuel"":""coal"",""%"":""66.3""},{""fuel"":""biomass"",""%"":""21.0""},{""fuel"":""alternative"",""%"":""7.1""}]",98.55860865,31.22738033,,"{""_seconds"":1763702964,""_nanoseconds"":610000000}",
qs46sBWjZdkhZj2UXMns,2025-11-21T05:23:32.685Z,1296.34899,85.57165102,0.839711219,1397.679923,838.6681705,62.09690167,20.93310385,5.305542354,3.393896568,1.826307157,1142.154425,"[{""fuel"":""coal"",""%"":52.04172534158775},{""fuel"":""biomass"",""%"":26.55860659443795},{""fuel"":""petcoke"",""%"":18.42647873107333}]",98.27153305,26.06030652,10:53,"{""_seconds"":1763702612,""_nanoseconds"":844000000}",
qzTJnqLm944p8VunCxSO,2025-11-20T20:54:02.651Z,1272.199636,81.0801915,0.898972002,1420.050234,827.166392,62.60903723,21.26822237,5.479715222,3.216977464,2.254307323,1159.615764,"[{""fuel"":""coal"",""%"":57.81279874521606},{""fuel"":""biomass"",""%"":27.282773777041292},{""fuel"":""petcoke"",""%"":21.386790251086797}]",95.46360821,29.78371592,2:24,"{""_seconds"":1763672042,""_nanoseconds"":747000000}",
rF2dTk8byNVifsiIBhxb,2025-11-21T05:38:44.455Z,1240.129708,95.14677402,0.838777427,1428.44778,,58.6049807,20.50367615,5.808804518,3.760876393,,,"[{""fuel"":""coal"",""%"":""66.5""},{""fuel"":""biomass"",""%"":""21.3""},{""fuel"":""alternative"",""%"":""7.4""}]",99.02286429,26.75115112,,"{""_seconds"":1763703524,""_nanoseconds"":613000000}",
rOzYN8d3OYrSVtmy712c,2025-11-21T05:36:07.453Z,1182.233377,94.33968244,0.843998262,1423.981508,,58.46436342,20.80295258,5.341600417,3.493676774,,,"[{""fuel"":""coal"",""%"":""62.9""},{""fuel"":""biomass"",""%"":""20.8""},{""fuel"":""alternative"",""%"":""8.8""}]",102.4303517,29.99901683,,"{""_seconds"":1763703367,""_nanoseconds"":616000000}",
rU3HtUniJW6yyVjAXF8L,2025-11-21T05:36:52.455Z,1193.728522,96.32899807,0.860203538,1428.58939,,58.18896521,20.94605343,5.498507624,3.518133199,,,"[{""fuel"":""coal"",""%"":""65.1""},{""fuel"":""biomass"",""%"":""23.1""},{""fuel"":""alternative"",""%"":""8.0""}]",101.4249774,30.41568754,,"{""_seconds"":1763703412,""_nanoseconds"":620000000}",
s4xdzBg46gIRPej06Qmd,2025-11-20T21:17:02.604Z,1255.878527,88.40312489,0.890770172,1403.919824,865.5341059,62.46961092,21.15704752,5.722917894,3.092529979,1.946756332,1151.783857,"[{""fuel"":""coal"",""%"":52.231184092106126},{""fuel"":""biomass"",""%"":25.122834573349188},{""fuel"":""petcoke"",""%"":19.219716072186742}]",98.79414391,25.5900471,2:47,"{""_seconds"":1763673422,""_nanoseconds"":742000000}",
sFWOzuNbOiX68lKWkmpj,2025-11-21T05:36:30.457Z,1204.261962,96.42299951,0.860089116,1421.467549,,58.48125341,20.80487411,5.481855574,3.587436553,,,"[{""fuel"":""coal"",""%"":""65.7""},{""fuel"":""biomass"",""%"":""21.3""},{""fuel"":""alternative"",""%"":""8.9""}]",102.4977219,30.87229848,,"{""_seconds"":1763703390,""_nanoseconds"":618000000}",
sI2JCFWcYon0gzBvZBDh,2025-11-20T20:58:02.651Z,1325.145541,89.40372984,0.873846307,1400.721944,867.9316567,63.21673731,20.56890726,5.398650738,3.334551076,2.233198593,1139.817658,"[{""fuel"":""coal"",""%"":53.598788728508744},{""fuel"":""biomass"",""%"":25.412742675340837},{""fuel"":""petcoke"",""%"":21.551864618529002}]",97.59552306,31.44106993,2:28,"{""_seconds"":1763672345,""_nanoseconds"":697000000}",
sTnfjW7vz4kK9cen7elq,2025-11-20T21:32:14.589Z,1319.315011,84.25791388,0.837079626,1406.418193,852.1473327,62.92727384,21.36255561,5.323092334,3.052358332,2.245522961,1137.978988,"[{""fuel"":""coal"",""%"":56.55045419886453},{""fuel"":""biomass"",""%"":24.50397864256623},{""fuel"":""petcoke"",""%"":20.002526943216267}]",99.40890785,27.23043993,3:02,"{""_seconds"":1763674334,""_nanoseconds"":736000000}",
v3cCSupQvVS8JuwhIyvV,2025-11-21T05:30:42.455Z,1274.120913,88.9445816,0.825369241,1423.689759,,61.6816406,21.22327337,5.394746171,3.171427844,,,"[{""fuel"":""coal"",""%"":""62.9""},{""fuel"":""biomass"",""%"":""22.7""},{""fuel"":""alternative"",""%"":""8.4""}]",102.2612118,32.25240279,,"{""_seconds"":1763703042,""_nanoseconds"":616000000}",
vJgSgi7qpWLMiOvGYg7f,2025-11-21T05:39:29.453Z,1277.000522,94.44147148,0.859655691,1421.466945,,58.43235496,21.20284159,5.816002424,3.88412051,,,"[{""fuel"":""coal"",""%"":""65.8""},{""fuel"":""biomass"",""%"":""20.6""},{""fuel"":""alternative"",""%"":""7.5""}]",98.16622351,25.27481131,,"{""_seconds"":1763703570,""_nanoseconds"":625000000}",
vN79Prgd5jsnNXARnfl9,2025-11-20T21:05:02.648Z,1328.117868,80.56465435,0.850715501,1417.603868,853.0726613,62.75284026,21.1418615,5.289841709,3.23025823,1.948962675,1168.579994,"[{""fuel"":""coal"",""%"":54.46173774724517},{""fuel"":""biomass"",""%"":24.865225152566303},{""fuel"":""petcoke"",""%"":18.921271034758806}]",99.62425524,27.21906797,2:35,"{""_seconds"":1763672702,""_nanoseconds"":741000000}",
vep61eByDqC1b67qAShn,2025-11-21T05:27:20.956Z,1311.252381,86.94619986,0.841561234,1408.171243,823.8829027,62.04137829,21.11463735,5.366765281,3.236801734,2.288609145,1167.001426,"[{""fuel"":""coal"",""%"":56.313574087614086},{""fuel"":""biomass"",""%"":26.799354508374957},{""fuel"":""petcoke"",""%"":21.06410160516034}]",100.2983587,30.7800681,10:57,"{""_seconds"":1763702841,""_nanoseconds"":114000000}",
vkR6XAT8vEDXUhbyWSl9,2025-11-21T05:38:55.458Z,1255.229612,93.3960289,0.843815955,1429.953708,,58.68432596,20.5576879,5.737609539,3.746794506,,,"[{""fuel"":""coal"",""%"":""64.7""},{""fuel"":""biomass"",""%"":""21.3""},{""fuel"":""alternative"",""%"":""7.6""}]",100.0049579,25.78005006,,"{""_seconds"":1763703535,""_nanoseconds"":611000000}",
xeHuBS64aKEa1fVOG3M1,2025-11-21T05:29:46.461Z,1284.064679,90.9922325,0.824886434,1410.235935,,61.82175726,21.37381686,5.369667397,3.250867954,,,"[{""fuel"":""coal"",""%"":""66.7""},{""fuel"":""biomass"",""%"":""20.8""},{""fuel"":""alternative"",""%"":""8.4""}]",99.85891988,31.04322248,,"{""_seconds"":1763702986,""_nanoseconds"":611000000}",
xeoyRBLQs8IXWaCaqEC0,2025-11-21T05:35:45.451Z,1187.016762,92.97418772,0.848179143,1428.676033,,58.4368531,20.47507474,5.324987561,3.401124878,,,"[{""fuel"":""coal"",""%"":""65.0""},{""fuel"":""biomass"",""%"":""23.5""},{""fuel"":""alternative"",""%"":""8.5""}]",101.6352331,29.86032465,,"{""_seconds"":1763703345,""_nanoseconds"":645000000}",
zFXnzRSa3e4MO1PqEjUH,2025-11-21T05:34:38.453Z,1244.134447,90.38470608,0.82696323,1424.108463,,59.55709085,20.09417287,5.316513935,3.39350983,,,"[{""fuel"":""coal"",""%"":""62.6""},{""fuel"":""biomass"",""%"":""22.1""},{""fuel"":""alternative"",""%"":""7.5""}]",103.1417419,31.8971454,,"{""_seconds"":1763703278,""_nanoseconds"":617000000}",
